File name, Expose DP comm, Expose DP_EP comm, Expose TP comm, Expose_EP_comm, Expose_PP_comm, bubble time, total comp, total exposed comm, Total time
test1, 0 (0.00%), 0 (0.00%), 168492 (99.34%), 0 (0.00%), 0 (0.00%), 0 (0.00%), 1112 (0.66%), 168492 (99.34%), 169604
layer_name,test1,fwd compute,wg compute,ig compute,fwd exposed comm,wg exposed comm,ig exposed comm,fwd total comm,algbw,busbw,wg total comm,algbw,busbw,ig total comm,algbw,busbw,workload finished at
embedding_layer,test1,556.000000,0.001000,0.001000,84099.464000,0.000000,0.000000,84099.464000,0.185792,0.325136,0.000000,-nan,0.000000,0.000000,-nan,0.000000,169604.030000
embedding_layer,test1,556.000000,0.001000,0.001000,84392.556000,0.000000,0.000000,84392.556000,0.740587,1.296027,0.000000,-nan,0.000000,0.000000,-nan,0.000000,169604.030000
SUM,test1,1112.000000,0.002000,0.002000,168492.020000,0.000000,0.000000,168492.020000,NONE,NONE,0.000000,NONE,NONE,0.000000,NONE,NONE
total exposed comm,168492.026000,total comp,1112.004000,total time,169604.030000
